auto,piloto,copiloto,categoria,representante,ciudad
402,Carlos Ruiz,Ana Pérez,Rally 3,Team Ayaviri,Puno
403,Juan López,María García,Turismo,Motorsport,Juliaca
404,Pedro Silva,Laura Rojas,General,Rally Club,Arequipa
111,Pedro Silva,Laura Rojas,General,Rally Club,Arequipa
222,Pedro Silva,Laura Rojas,General,Rally Club,Arequipa
333,Pedro Silva,Laura Rojas,General,Rally Club,Arequipa
444,Pedro Silva,Laura Rojas,General,Rally Club,Arequipa
555,Pedro Silva,Laura Rojas,General,Rally Club,Arequipa
666,Pedro Silva,Laura Rojas,General,Rally Club,Arequipa
